lineItem/UsageStartDate,lineItem/UsageAccountId,product/ProductName,product/region,lineItem/ResourceId,resourceTags/user:Team,resourceTags/user:Project,resourceTags/user:Env,pricing/term,lineItem/UsageAmount,pricing/unit,lineItem/UnblendedCost,lineItem/CurrencyCode,metric/AvgCPUUtilization,attribute/VolumeAttached
2026-06-01,111122223333,Amazon Elastic Compute Cloud,us-east-1,i-0aws0000000web01,platform,web,prod,OnDemand,24,Hrs,3.4758,USD,1.7,
2026-06-01,111122223333,Amazon Elastic Compute Cloud,us-east-1,i-0aws0000000web02,platform,web,prod,OnDemand,24,Hrs,17.5449,USD,57.6,
2026-06-01,111122223333,Amazon Elastic Compute Cloud,us-west-2,i-0aws0000000batch3,data,etl,prod,OnDemand,24,Hrs,22.3135,USD,18.1,
2026-06-01,111122223333,Amazon Elastic Compute Cloud,us-east-1,i-0aws0000000api04,platform,api,prod,Reserved,24,Hrs,14.9848,USD,60.4,
2026-06-01,111122223333,Amazon Elastic Compute Cloud,eu-west-1,i-0aws0000000legacy5,,,,OnDemand,24,Hrs,2.2713,USD,1.2,
2026-06-01,111122223333,Amazon Elastic Block Store,us-east-1,vol-0awsorphan01,platform,web,prod,OnDemand,100,GB-Mo,3.9154,USD,,False
2026-06-01,111122223333,Amazon Elastic Block Store,us-east-1,vol-0awsactive02,platform,web,prod,OnDemand,100,GB-Mo,5.0043,USD,,True
2026-06-01,111122223333,Amazon Relational Database Service,us-east-1,db-0awsprodrds01,platform,web,prod,OnDemand,24,Hrs,26.2486,USD,,
2026-06-01,111122223333,Amazon Simple Storage Service,us-east-1,s3-0awsassetsbucket,platform,web,prod,OnDemand,100,GB-Mo,5.9012,USD,,
2026-06-01,111122223333,Amazon Virtual Private Cloud,us-east-1,nat-0awsgateway01,,,,OnDemand,24,Hrs,3.1743,USD,,
2026-06-02,111122223333,Amazon Elastic Compute Cloud,us-east-1,i-0aws0000000web01,platform,web,prod,OnDemand,24,Hrs,3.4244,USD,1.9,
2026-06-02,111122223333,Amazon Elastic Compute Cloud,us-east-1,i-0aws0000000web02,platform,web,prod,OnDemand,24,Hrs,18.4599,USD,71.1,
2026-06-02,111122223333,Amazon Elastic Compute Cloud,us-west-2,i-0aws0000000batch3,data,etl,prod,OnDemand,24,Hrs,19.9467,USD,18.9,
2026-06-02,111122223333,Amazon Elastic Compute Cloud,us-east-1,i-0aws0000000api04,platform,api,prod,Reserved,24,Hrs,14.547,USD,66.9,
2026-06-02,111122223333,Amazon Elastic Compute Cloud,eu-west-1,i-0aws0000000legacy5,,,,OnDemand,24,Hrs,2.1891,USD,1.6,
2026-06-02,111122223333,Amazon Elastic Block Store,us-east-1,vol-0awsorphan01,platform,web,prod,OnDemand,100,GB-Mo,3.9928,USD,,False
2026-06-02,111122223333,Amazon Elastic Block Store,us-east-1,vol-0awsactive02,platform,web,prod,OnDemand,100,GB-Mo,4.6742,USD,,True
2026-06-02,111122223333,Amazon Relational Database Service,us-east-1,db-0awsprodrds01,platform,web,prod,OnDemand,24,Hrs,26.5675,USD,,
2026-06-02,111122223333,Amazon Simple Storage Service,us-east-1,s3-0awsassetsbucket,platform,web,prod,OnDemand,100,GB-Mo,6.5447,USD,,
2026-06-02,111122223333,Amazon Virtual Private Cloud,us-east-1,nat-0awsgateway01,,,,OnDemand,24,Hrs,3.1514,USD,,
2026-06-03,111122223333,Amazon Elastic Compute Cloud,us-east-1,i-0aws0000000web01,platform,web,prod,OnDemand,24,Hrs,3.5671,USD,2.3,
2026-06-03,111122223333,Amazon Elastic Compute Cloud,us-east-1,i-0aws0000000web02,platform,web,prod,OnDemand,24,Hrs,18.3055,USD,74.9,
2026-06-03,111122223333,Amazon Elastic Compute Cloud,us-west-2,i-0aws0000000batch3,data,etl,prod,OnDemand,24,Hrs,21.3896,USD,17.3,
2026-06-03,111122223333,Amazon Elastic Compute Cloud,us-east-1,i-0aws0000000api04,platform,api,prod,Reserved,24,Hrs,14.8431,USD,74.0,
2026-06-03,111122223333,Amazon Elastic Compute Cloud,eu-west-1,i-0aws0000000legacy5,,,,OnDemand,24,Hrs,2.4686,USD,1.4,
2026-06-03,111122223333,Amazon Elastic Block Store,us-east-1,vol-0awsorphan01,platform,web,prod,OnDemand,100,GB-Mo,4.2342,USD,,False
2026-06-03,111122223333,Amazon Elastic Block Store,us-east-1,vol-0awsactive02,platform,web,prod,OnDemand,100,GB-Mo,4.6367,USD,,True
2026-06-03,111122223333,Amazon Relational Database Service,us-east-1,db-0awsprodrds01,platform,web,prod,OnDemand,24,Hrs,27.1636,USD,,
2026-06-03,111122223333,Amazon Simple Storage Service,us-east-1,s3-0awsassetsbucket,platform,web,prod,OnDemand,100,GB-Mo,5.9911,USD,,
2026-06-03,111122223333,Amazon Virtual Private Cloud,us-east-1,nat-0awsgateway01,,,,OnDemand,24,Hrs,2.8916,USD,,
2026-06-04,111122223333,Amazon Elastic Compute Cloud,us-east-1,i-0aws0000000web01,platform,web,prod,OnDemand,24,Hrs,3.2546,USD,1.8,
2026-06-04,111122223333,Amazon Elastic Compute Cloud,us-east-1,i-0aws0000000web02,platform,web,prod,OnDemand,24,Hrs,17.5535,USD,67.1,
2026-06-04,111122223333,Amazon Elastic Compute Cloud,us-west-2,i-0aws0000000batch3,data,etl,prod,OnDemand,24,Hrs,21.4952,USD,16.2,
2026-06-04,111122223333,Amazon Elastic Compute Cloud,us-east-1,i-0aws0000000api04,platform,api,prod,Reserved,24,Hrs,13.4446,USD,65.0,
2026-06-04,111122223333,Amazon Elastic Compute Cloud,eu-west-1,i-0aws0000000legacy5,,,,OnDemand,24,Hrs,2.5145,USD,1.5,
2026-06-04,111122223333,Amazon Elastic Block Store,us-east-1,vol-0awsorphan01,platform,web,prod,OnDemand,100,GB-Mo,4.1716,USD,,False
2026-06-04,111122223333,Amazon Elastic Block Store,us-east-1,vol-0awsactive02,platform,web,prod,OnDemand,100,GB-Mo,4.7369,USD,,True
2026-06-04,111122223333,Amazon Relational Database Service,us-east-1,db-0awsprodrds01,platform,web,prod,OnDemand,24,Hrs,29.4412,USD,,
2026-06-04,111122223333,Amazon Simple Storage Service,us-east-1,s3-0awsassetsbucket,platform,web,prod,OnDemand,100,GB-Mo,5.8661,USD,,
2026-06-04,111122223333,Amazon Virtual Private Cloud,us-east-1,nat-0awsgateway01,,,,OnDemand,24,Hrs,3.0402,USD,,
2026-06-05,111122223333,Amazon Elastic Compute Cloud,us-east-1,i-0aws0000000web01,platform,web,prod,OnDemand,24,Hrs,3.6663,USD,2.2,
2026-06-05,111122223333,Amazon Elastic Compute Cloud,us-east-1,i-0aws0000000web02,platform,web,prod,OnDemand,24,Hrs,18.3658,USD,68.3,
2026-06-05,111122223333,Amazon Elastic Compute Cloud,us-west-2,i-0aws0000000batch3,data,etl,prod,OnDemand,24,Hrs,23.3409,USD,18.7,
2026-06-05,111122223333,Amazon Elastic Compute Cloud,us-east-1,i-0aws0000000api04,platform,api,prod,Reserved,24,Hrs,13.4887,USD,59.0,
2026-06-05,111122223333,Amazon Elastic Compute Cloud,eu-west-1,i-0aws0000000legacy5,,,,OnDemand,24,Hrs,2.2972,USD,1.3,
2026-06-05,111122223333,Amazon Elastic Block Store,us-east-1,vol-0awsorphan01,platform,web,prod,OnDemand,100,GB-Mo,3.9104,USD,,False
2026-06-05,111122223333,Amazon Elastic Block Store,us-east-1,vol-0awsactive02,platform,web,prod,OnDemand,100,GB-Mo,5.3543,USD,,True
2026-06-05,111122223333,Amazon Relational Database Service,us-east-1,db-0awsprodrds01,platform,web,prod,OnDemand,24,Hrs,30.1102,USD,,
2026-06-05,111122223333,Amazon Simple Storage Service,us-east-1,s3-0awsassetsbucket,platform,web,prod,OnDemand,100,GB-Mo,6.0162,USD,,
2026-06-05,111122223333,Amazon Virtual Private Cloud,us-east-1,nat-0awsgateway01,,,,OnDemand,24,Hrs,3.1771,USD,,
2026-06-06,111122223333,Amazon Elastic Compute Cloud,us-east-1,i-0aws0000000web01,platform,web,prod,OnDemand,24,Hrs,3.3432,USD,2.4,
2026-06-06,111122223333,Amazon Elastic Compute Cloud,us-east-1,i-0aws0000000web02,platform,web,prod,OnDemand,24,Hrs,18.0802,USD,58.6,
2026-06-06,111122223333,Amazon Elastic Compute Cloud,us-west-2,i-0aws0000000batch3,data,etl,prod,OnDemand,24,Hrs,21.3805,USD,17.4,
2026-06-06,111122223333,Amazon Elastic Compute Cloud,us-east-1,i-0aws0000000api04,platform,api,prod,Reserved,24,Hrs,13.5647,USD,73.2,
2026-06-06,111122223333,Amazon Elastic Compute Cloud,eu-west-1,i-0aws0000000legacy5,,,,OnDemand,24,Hrs,2.5356,USD,1.3,
2026-06-06,111122223333,Amazon Elastic Block Store,us-east-1,vol-0awsorphan01,platform,web,prod,OnDemand,100,GB-Mo,3.9159,USD,,False
2026-06-06,111122223333,Amazon Elastic Block Store,us-east-1,vol-0awsactive02,platform,web,prod,OnDemand,100,GB-Mo,5.398,USD,,True
2026-06-06,111122223333,Amazon Relational Database Service,us-east-1,db-0awsprodrds01,platform,web,prod,OnDemand,24,Hrs,28.4433,USD,,
2026-06-06,111122223333,Amazon Simple Storage Service,us-east-1,s3-0awsassetsbucket,platform,web,prod,OnDemand,100,GB-Mo,5.7942,USD,,
2026-06-06,111122223333,Amazon Virtual Private Cloud,us-east-1,nat-0awsgateway01,,,,OnDemand,24,Hrs,2.8754,USD,,
2026-06-07,111122223333,Amazon Elastic Compute Cloud,us-east-1,i-0aws0000000web01,platform,web,prod,OnDemand,24,Hrs,3.1876,USD,2.2,
2026-06-07,111122223333,Amazon Elastic Compute Cloud,us-east-1,i-0aws0000000web02,platform,web,prod,OnDemand,24,Hrs,19.0505,USD,62.2,
2026-06-07,111122223333,Amazon Elastic Compute Cloud,us-west-2,i-0aws0000000batch3,data,etl,prod,OnDemand,24,Hrs,20.8735,USD,16.3,
2026-06-07,111122223333,Amazon Elastic Compute Cloud,us-east-1,i-0aws0000000api04,platform,api,prod,Reserved,24,Hrs,15.2192,USD,71.7,
2026-06-07,111122223333,Amazon Elastic Compute Cloud,eu-west-1,i-0aws0000000legacy5,,,,OnDemand,24,Hrs,2.5816,USD,1.6,
2026-06-07,111122223333,Amazon Elastic Block Store,us-east-1,vol-0awsorphan01,platform,web,prod,OnDemand,100,GB-Mo,3.7795,USD,,False
2026-06-07,111122223333,Amazon Elastic Block Store,us-east-1,vol-0awsactive02,platform,web,prod,OnDemand,100,GB-Mo,5.1766,USD,,True
2026-06-07,111122223333,Amazon Relational Database Service,us-east-1,db-0awsprodrds01,platform,web,prod,OnDemand,24,Hrs,29.2257,USD,,
2026-06-07,111122223333,Amazon Simple Storage Service,us-east-1,s3-0awsassetsbucket,platform,web,prod,OnDemand,100,GB-Mo,6.2367,USD,,
2026-06-07,111122223333,Amazon Virtual Private Cloud,us-east-1,nat-0awsgateway01,,,,OnDemand,24,Hrs,2.9843,USD,,
2026-06-08,111122223333,Amazon Elastic Compute Cloud,us-east-1,i-0aws0000000web01,platform,web,prod,OnDemand,24,Hrs,3.4767,USD,1.8,
2026-06-08,111122223333,Amazon Elastic Compute Cloud,us-east-1,i-0aws0000000web02,platform,web,prod,OnDemand,24,Hrs,18.01,USD,62.9,
2026-06-08,111122223333,Amazon Elastic Compute Cloud,us-west-2,i-0aws0000000batch3,data,etl,prod,OnDemand,24,Hrs,24.2382,USD,19.3,
2026-06-08,111122223333,Amazon Elastic Compute Cloud,us-east-1,i-0aws0000000api04,platform,api,prod,Reserved,24,Hrs,13.5662,USD,71.0,
2026-06-08,111122223333,Amazon Elastic Compute Cloud,eu-west-1,i-0aws0000000legacy5,,,,OnDemand,24,Hrs,2.2931,USD,1.6,
2026-06-08,111122223333,Amazon Elastic Block Store,us-east-1,vol-0awsorphan01,platform,web,prod,OnDemand,100,GB-Mo,4.3431,USD,,False
2026-06-08,111122223333,Amazon Elastic Block Store,us-east-1,vol-0awsactive02,platform,web,prod,OnDemand,100,GB-Mo,4.8388,USD,,True
2026-06-08,111122223333,Amazon Relational Database Service,us-east-1,db-0awsprodrds01,platform,web,prod,OnDemand,24,Hrs,29.0314,USD,,
2026-06-08,111122223333,Amazon Simple Storage Service,us-east-1,s3-0awsassetsbucket,platform,web,prod,OnDemand,100,GB-Mo,6.3081,USD,,
2026-06-08,111122223333,Amazon Virtual Private Cloud,us-east-1,nat-0awsgateway01,,,,OnDemand,24,Hrs,2.9278,USD,,
2026-06-09,111122223333,Amazon Elastic Compute Cloud,us-east-1,i-0aws0000000web01,platform,web,prod,OnDemand,24,Hrs,3.5428,USD,2.1,
2026-06-09,111122223333,Amazon Elastic Compute Cloud,us-east-1,i-0aws0000000web02,platform,web,prod,OnDemand,24,Hrs,19.0114,USD,64.7,
2026-06-09,111122223333,Amazon Elastic Compute Cloud,us-west-2,i-0aws0000000batch3,data,etl,prod,OnDemand,24,Hrs,20.9359,USD,15.9,
2026-06-09,111122223333,Amazon Elastic Compute Cloud,us-east-1,i-0aws0000000api04,platform,api,prod,Reserved,24,Hrs,13.0159,USD,82.0,
2026-06-09,111122223333,Amazon Elastic Compute Cloud,eu-west-1,i-0aws0000000legacy5,,,,OnDemand,24,Hrs,2.5817,USD,1.6,
2026-06-09,111122223333,Amazon Elastic Block Store,us-east-1,vol-0awsorphan01,platform,web,prod,OnDemand,100,GB-Mo,3.9737,USD,,False
2026-06-09,111122223333,Amazon Elastic Block Store,us-east-1,vol-0awsactive02,platform,web,prod,OnDemand,100,GB-Mo,4.6463,USD,,True
2026-06-09,111122223333,Amazon Relational Database Service,us-east-1,db-0awsprodrds01,platform,web,prod,OnDemand,24,Hrs,30.1177,USD,,
2026-06-09,111122223333,Amazon Simple Storage Service,us-east-1,s3-0awsassetsbucket,platform,web,prod,OnDemand,100,GB-Mo,6.6434,USD,,
2026-06-09,111122223333,Amazon Virtual Private Cloud,us-east-1,nat-0awsgateway01,,,,OnDemand,24,Hrs,2.8945,USD,,
2026-06-10,111122223333,Amazon Elastic Compute Cloud,us-east-1,i-0aws0000000web01,platform,web,prod,OnDemand,24,Hrs,3.3924,USD,1.8,
2026-06-10,111122223333,Amazon Elastic Compute Cloud,us-east-1,i-0aws0000000web02,platform,web,prod,OnDemand,24,Hrs,18.9589,USD,70.1,
2026-06-10,111122223333,Amazon Elastic Compute Cloud,us-west-2,i-0aws0000000batch3,data,etl,prod,OnDemand,24,Hrs,21.5487,USD,16.8,
2026-06-10,111122223333,Amazon Elastic Compute Cloud,us-east-1,i-0aws0000000api04,platform,api,prod,Reserved,24,Hrs,14.2124,USD,65.0,
2026-06-10,111122223333,Amazon Elastic Compute Cloud,eu-west-1,i-0aws0000000legacy5,,,,OnDemand,24,Hrs,2.597,USD,1.4,
2026-06-10,111122223333,Amazon Elastic Block Store,us-east-1,vol-0awsorphan01,platform,web,prod,OnDemand,100,GB-Mo,3.9109,USD,,False
2026-06-10,111122223333,Amazon Elastic Block Store,us-east-1,vol-0awsactive02,platform,web,prod,OnDemand,100,GB-Mo,5.0314,USD,,True
2026-06-10,111122223333,Amazon Relational Database Service,us-east-1,db-0awsprodrds01,platform,web,prod,OnDemand,24,Hrs,29.4448,USD,,
2026-06-10,111122223333,Amazon Simple Storage Service,us-east-1,s3-0awsassetsbucket,platform,web,prod,OnDemand,100,GB-Mo,5.9035,USD,,
2026-06-10,111122223333,Amazon Virtual Private Cloud,us-east-1,nat-0awsgateway01,,,,OnDemand,24,Hrs,3.0066,USD,,
2026-06-11,111122223333,Amazon Elastic Compute Cloud,us-east-1,i-0aws0000000web01,platform,web,prod,OnDemand,24,Hrs,3.6694,USD,2.2,
2026-06-11,111122223333,Amazon Elastic Compute Cloud,us-east-1,i-0aws0000000web02,platform,web,prod,OnDemand,24,Hrs,18.0197,USD,64.4,
2026-06-11,111122223333,Amazon Elastic Compute Cloud,us-west-2,i-0aws0000000batch3,data,etl,prod,OnDemand,24,Hrs,21.6689,USD,15.3,
2026-06-11,111122223333,Amazon Elastic Compute Cloud,us-east-1,i-0aws0000000api04,platform,api,prod,Reserved,24,Hrs,13.7347,USD,73.3,
2026-06-11,111122223333,Amazon Elastic Compute Cloud,eu-west-1,i-0aws0000000legacy5,,,,OnDemand,24,Hrs,2.3611,USD,1.3,
2026-06-11,111122223333,Amazon Elastic Block Store,us-east-1,vol-0awsorphan01,platform,web,prod,OnDemand,100,GB-Mo,3.8186,USD,,False
2026-06-11,111122223333,Amazon Elastic Block Store,us-east-1,vol-0awsactive02,platform,web,prod,OnDemand,100,GB-Mo,5.1049,USD,,True
2026-06-11,111122223333,Amazon Relational Database Service,us-east-1,db-0awsprodrds01,platform,web,prod,OnDemand,24,Hrs,27.1683,USD,,
2026-06-11,111122223333,Amazon Simple Storage Service,us-east-1,s3-0awsassetsbucket,platform,web,prod,OnDemand,100,GB-Mo,6.6022,USD,,
2026-06-11,111122223333,Amazon Virtual Private Cloud,us-east-1,nat-0awsgateway01,,,,OnDemand,24,Hrs,3.2784,USD,,
2026-06-12,111122223333,Amazon Elastic Compute Cloud,us-east-1,i-0aws0000000web01,platform,web,prod,OnDemand,24,Hrs,3.1665,USD,1.9,
2026-06-12,111122223333,Amazon Elastic Compute Cloud,us-east-1,i-0aws0000000web02,platform,web,prod,OnDemand,24,Hrs,18.6921,USD,57.4,
2026-06-12,111122223333,Amazon Elastic Compute Cloud,us-west-2,i-0aws0000000batch3,data,etl,prod,OnDemand,24,Hrs,21.8582,USD,19.7,
2026-06-12,111122223333,Amazon Elastic Compute Cloud,us-east-1,i-0aws0000000api04,platform,api,prod,Reserved,24,Hrs,14.2603,USD,70.3,
2026-06-12,111122223333,Amazon Elastic Compute Cloud,eu-west-1,i-0aws0000000legacy5,,,,OnDemand,24,Hrs,2.5976,USD,1.6,
2026-06-12,111122223333,Amazon Elastic Block Store,us-east-1,vol-0awsorphan01,platform,web,prod,OnDemand,100,GB-Mo,3.8969,USD,,False
2026-06-12,111122223333,Amazon Elastic Block Store,us-east-1,vol-0awsactive02,platform,web,prod,OnDemand,100,GB-Mo,4.6775,USD,,True
2026-06-12,111122223333,Amazon Relational Database Service,us-east-1,db-0awsprodrds01,platform,web,prod,OnDemand,24,Hrs,28.0867,USD,,
2026-06-12,111122223333,Amazon Simple Storage Service,us-east-1,s3-0awsassetsbucket,platform,web,prod,OnDemand,100,GB-Mo,6.1242,USD,,
2026-06-12,111122223333,Amazon Virtual Private Cloud,us-east-1,nat-0awsgateway01,,,,OnDemand,24,Hrs,3.0836,USD,,
2026-06-13,111122223333,Amazon Elastic Compute Cloud,us-east-1,i-0aws0000000web01,platform,web,prod,OnDemand,24,Hrs,3.5246,USD,2.2,
2026-06-13,111122223333,Amazon Elastic Compute Cloud,us-east-1,i-0aws0000000web02,platform,web,prod,OnDemand,24,Hrs,19.6099,USD,54.7,
2026-06-13,111122223333,Amazon Elastic Compute Cloud,us-west-2,i-0aws0000000batch3,data,etl,prod,OnDemand,24,Hrs,23.017,USD,16.0,
2026-06-13,111122223333,Amazon Elastic Compute Cloud,us-east-1,i-0aws0000000api04,platform,api,prod,Reserved,24,Hrs,14.9159,USD,64.6,
2026-06-13,111122223333,Amazon Elastic Compute Cloud,eu-west-1,i-0aws0000000legacy5,,,,OnDemand,24,Hrs,2.3773,USD,1.4,
2026-06-13,111122223333,Amazon Elastic Block Store,us-east-1,vol-0awsorphan01,platform,web,prod,OnDemand,100,GB-Mo,4.0488,USD,,False
2026-06-13,111122223333,Amazon Elastic Block Store,us-east-1,vol-0awsactive02,platform,web,prod,OnDemand,100,GB-Mo,4.8228,USD,,True
2026-06-13,111122223333,Amazon Relational Database Service,us-east-1,db-0awsprodrds01,platform,web,prod,OnDemand,24,Hrs,27.2631,USD,,
2026-06-13,111122223333,Amazon Simple Storage Service,us-east-1,s3-0awsassetsbucket,platform,web,prod,OnDemand,100,GB-Mo,6.6199,USD,,
2026-06-13,111122223333,Amazon Virtual Private Cloud,us-east-1,nat-0awsgateway01,,,,OnDemand,24,Hrs,3.0718,USD,,
2026-06-14,111122223333,Amazon Elastic Compute Cloud,us-east-1,i-0aws0000000web01,platform,web,prod,OnDemand,24,Hrs,3.5966,USD,2.1,
2026-06-14,111122223333,Amazon Elastic Compute Cloud,us-east-1,i-0aws0000000web02,platform,web,prod,OnDemand,24,Hrs,16.8913,USD,75.5,
2026-06-14,111122223333,Amazon Elastic Compute Cloud,us-west-2,i-0aws0000000batch3,data,etl,prod,OnDemand,24,Hrs,24.8035,USD,19.9,
2026-06-14,111122223333,Amazon Elastic Compute Cloud,us-east-1,i-0aws0000000api04,platform,api,prod,Reserved,24,Hrs,15.0619,USD,79.9,
2026-06-14,111122223333,Amazon Elastic Compute Cloud,eu-west-1,i-0aws0000000legacy5,,,,OnDemand,24,Hrs,2.3836,USD,1.4,
2026-06-14,111122223333,Amazon Elastic Block Store,us-east-1,vol-0awsorphan01,platform,web,prod,OnDemand,100,GB-Mo,3.9122,USD,,False
2026-06-14,111122223333,Amazon Elastic Block Store,us-east-1,vol-0awsactive02,platform,web,prod,OnDemand,100,GB-Mo,4.9208,USD,,True
2026-06-14,111122223333,Amazon Relational Database Service,us-east-1,db-0awsprodrds01,platform,web,prod,OnDemand,24,Hrs,26.3944,USD,,
2026-06-14,111122223333,Amazon Simple Storage Service,us-east-1,s3-0awsassetsbucket,platform,web,prod,OnDemand,100,GB-Mo,6.0799,USD,,
2026-06-14,111122223333,Amazon Virtual Private Cloud,us-east-1,nat-0awsgateway01,,,,OnDemand,24,Hrs,3.3407,USD,,
2026-06-15,111122223333,Amazon Elastic Compute Cloud,us-east-1,i-0aws0000000web01,platform,web,prod,OnDemand,24,Hrs,3.2723,USD,2.3,
2026-06-15,111122223333,Amazon Elastic Compute Cloud,us-east-1,i-0aws0000000web02,platform,web,prod,OnDemand,24,Hrs,18.069,USD,62.2,
2026-06-15,111122223333,Amazon Elastic Compute Cloud,us-west-2,i-0aws0000000batch3,data,etl,prod,OnDemand,24,Hrs,25.4286,USD,20.0,
2026-06-15,111122223333,Amazon Elastic Compute Cloud,us-east-1,i-0aws0000000api04,platform,api,prod,Reserved,24,Hrs,14.2258,USD,76.6,
2026-06-15,111122223333,Amazon Elastic Compute Cloud,eu-west-1,i-0aws0000000legacy5,,,,OnDemand,24,Hrs,2.3948,USD,1.3,
2026-06-15,111122223333,Amazon Elastic Block Store,us-east-1,vol-0awsorphan01,platform,web,prod,OnDemand,100,GB-Mo,4.4075,USD,,False
2026-06-15,111122223333,Amazon Elastic Block Store,us-east-1,vol-0awsactive02,platform,web,prod,OnDemand,100,GB-Mo,5.0633,USD,,True
2026-06-15,111122223333,Amazon Relational Database Service,us-east-1,db-0awsprodrds01,platform,web,prod,OnDemand,24,Hrs,28.5917,USD,,
2026-06-15,111122223333,Amazon Simple Storage Service,us-east-1,s3-0awsassetsbucket,platform,web,prod,OnDemand,100,GB-Mo,6.446,USD,,
2026-06-15,111122223333,Amazon Virtual Private Cloud,us-east-1,nat-0awsgateway01,,,,OnDemand,24,Hrs,2.8804,USD,,
2026-06-16,111122223333,Amazon Elastic Compute Cloud,us-east-1,i-0aws0000000web01,platform,web,prod,OnDemand,24,Hrs,3.4458,USD,2.1,
2026-06-16,111122223333,Amazon Elastic Compute Cloud,us-east-1,i-0aws0000000web02,platform,web,prod,OnDemand,24,Hrs,19.2271,USD,56.1,
2026-06-16,111122223333,Amazon Elastic Compute Cloud,us-west-2,i-0aws0000000batch3,data,etl,prod,OnDemand,24,Hrs,25.61,USD,14.4,
2026-06-16,111122223333,Amazon Elastic Compute Cloud,us-east-1,i-0aws0000000api04,platform,api,prod,Reserved,24,Hrs,13.3912,USD,73.4,
2026-06-16,111122223333,Amazon Elastic Compute Cloud,eu-west-1,i-0aws0000000legacy5,,,,OnDemand,24,Hrs,2.6231,USD,1.3,
2026-06-16,111122223333,Amazon Elastic Block Store,us-east-1,vol-0awsorphan01,platform,web,prod,OnDemand,100,GB-Mo,3.8506,USD,,False
2026-06-16,111122223333,Amazon Elastic Block Store,us-east-1,vol-0awsactive02,platform,web,prod,OnDemand,100,GB-Mo,5.3122,USD,,True
2026-06-16,111122223333,Amazon Relational Database Service,us-east-1,db-0awsprodrds01,platform,web,prod,OnDemand,24,Hrs,27.2468,USD,,
2026-06-16,111122223333,Amazon Simple Storage Service,us-east-1,s3-0awsassetsbucket,platform,web,prod,OnDemand,100,GB-Mo,6.2938,USD,,
2026-06-16,111122223333,Amazon Virtual Private Cloud,us-east-1,nat-0awsgateway01,,,,OnDemand,24,Hrs,3.1592,USD,,
2026-06-17,111122223333,Amazon Elastic Compute Cloud,us-east-1,i-0aws0000000web01,platform,web,prod,OnDemand,24,Hrs,3.3561,USD,2.2,
2026-06-17,111122223333,Amazon Elastic Compute Cloud,us-east-1,i-0aws0000000web02,platform,web,prod,OnDemand,24,Hrs,18.2663,USD,74.0,
2026-06-17,111122223333,Amazon Elastic Compute Cloud,us-west-2,i-0aws0000000batch3,data,etl,prod,OnDemand,24,Hrs,22.8723,USD,18.3,
2026-06-17,111122223333,Amazon Elastic Compute Cloud,us-east-1,i-0aws0000000api04,platform,api,prod,Reserved,24,Hrs,13.5105,USD,68.3,
2026-06-17,111122223333,Amazon Elastic Compute Cloud,eu-west-1,i-0aws0000000legacy5,,,,OnDemand,24,Hrs,2.6389,USD,1.3,
2026-06-17,111122223333,Amazon Elastic Block Store,us-east-1,vol-0awsorphan01,platform,web,prod,OnDemand,100,GB-Mo,3.9794,USD,,False
2026-06-17,111122223333,Amazon Elastic Block Store,us-east-1,vol-0awsactive02,platform,web,prod,OnDemand,100,GB-Mo,5.2015,USD,,True
2026-06-17,111122223333,Amazon Relational Database Service,us-east-1,db-0awsprodrds01,platform,web,prod,OnDemand,24,Hrs,26.4576,USD,,
2026-06-17,111122223333,Amazon Simple Storage Service,us-east-1,s3-0awsassetsbucket,platform,web,prod,OnDemand,100,GB-Mo,6.1586,USD,,
2026-06-17,111122223333,Amazon Virtual Private Cloud,us-east-1,nat-0awsgateway01,,,,OnDemand,24,Hrs,3.3472,USD,,
2026-06-18,111122223333,Amazon Elastic Compute Cloud,us-east-1,i-0aws0000000web01,platform,web,prod,OnDemand,24,Hrs,3.6699,USD,1.8,
2026-06-18,111122223333,Amazon Elastic Compute Cloud,us-east-1,i-0aws0000000web02,platform,web,prod,OnDemand,24,Hrs,17.3647,USD,58.6,
2026-06-18,111122223333,Amazon Elastic Compute Cloud,us-west-2,i-0aws0000000batch3,data,etl,prod,OnDemand,24,Hrs,25.8403,USD,19.3,
2026-06-18,111122223333,Amazon Elastic Compute Cloud,us-east-1,i-0aws0000000api04,platform,api,prod,Reserved,24,Hrs,14.9556,USD,67.7,
2026-06-18,111122223333,Amazon Elastic Compute Cloud,eu-west-1,i-0aws0000000legacy5,,,,OnDemand,24,Hrs,2.4435,USD,1.6,
2026-06-18,111122223333,Amazon Elastic Block Store,us-east-1,vol-0awsorphan01,platform,web,prod,OnDemand,100,GB-Mo,4.2335,USD,,False
2026-06-18,111122223333,Amazon Elastic Block Store,us-east-1,vol-0awsactive02,platform,web,prod,OnDemand,100,GB-Mo,5.0893,USD,,True
2026-06-18,111122223333,Amazon Relational Database Service,us-east-1,db-0awsprodrds01,platform,web,prod,OnDemand,24,Hrs,30.614,USD,,
2026-06-18,111122223333,Amazon Simple Storage Service,us-east-1,s3-0awsassetsbucket,platform,web,prod,OnDemand,100,GB-Mo,6.3527,USD,,
2026-06-18,111122223333,Amazon Virtual Private Cloud,us-east-1,nat-0awsgateway01,,,,OnDemand,24,Hrs,2.8559,USD,,
2026-06-19,111122223333,Amazon Elastic Compute Cloud,us-east-1,i-0aws0000000web01,platform,web,prod,OnDemand,24,Hrs,3.5725,USD,1.9,
2026-06-19,111122223333,Amazon Elastic Compute Cloud,us-east-1,i-0aws0000000web02,platform,web,prod,OnDemand,24,Hrs,18.6758,USD,74.1,
2026-06-19,111122223333,Amazon Elastic Compute Cloud,us-west-2,i-0aws0000000batch3,data,etl,prod,OnDemand,24,Hrs,22.8987,USD,14.6,
2026-06-19,111122223333,Amazon Elastic Compute Cloud,us-east-1,i-0aws0000000api04,platform,api,prod,Reserved,24,Hrs,13.2135,USD,72.4,
2026-06-19,111122223333,Amazon Elastic Compute Cloud,eu-west-1,i-0aws0000000legacy5,,,,OnDemand,24,Hrs,2.5071,USD,1.5,
2026-06-19,111122223333,Amazon Elastic Block Store,us-east-1,vol-0awsorphan01,platform,web,prod,OnDemand,100,GB-Mo,4.2428,USD,,False
2026-06-19,111122223333,Amazon Elastic Block Store,us-east-1,vol-0awsactive02,platform,web,prod,OnDemand,100,GB-Mo,4.7629,USD,,True
2026-06-19,111122223333,Amazon Relational Database Service,us-east-1,db-0awsprodrds01,platform,web,prod,OnDemand,24,Hrs,29.01,USD,,
2026-06-19,111122223333,Amazon Simple Storage Service,us-east-1,s3-0awsassetsbucket,platform,web,prod,OnDemand,100,GB-Mo,5.9659,USD,,
2026-06-19,111122223333,Amazon Virtual Private Cloud,us-east-1,nat-0awsgateway01,,,,OnDemand,24,Hrs,3.0943,USD,,
2026-06-20,111122223333,Amazon Elastic Compute Cloud,us-east-1,i-0aws0000000web01,platform,web,prod,OnDemand,24,Hrs,3.6205,USD,2.4,
2026-06-20,111122223333,Amazon Elastic Compute Cloud,us-east-1,i-0aws0000000web02,platform,web,prod,OnDemand,24,Hrs,17.0128,USD,62.2,
2026-06-20,111122223333,Amazon Elastic Compute Cloud,us-west-2,i-0aws0000000batch3,data,etl,prod,OnDemand,24,Hrs,23.604,USD,14.0,
2026-06-20,111122223333,Amazon Elastic Compute Cloud,us-east-1,i-0aws0000000api04,platform,api,prod,Reserved,24,Hrs,14.7116,USD,74.5,
2026-06-20,111122223333,Amazon Elastic Compute Cloud,eu-west-1,i-0aws0000000legacy5,,,,OnDemand,24,Hrs,2.5189,USD,1.5,
2026-06-20,111122223333,Amazon Elastic Block Store,us-east-1,vol-0awsorphan01,platform,web,prod,OnDemand,100,GB-Mo,4.1339,USD,,False
2026-06-20,111122223333,Amazon Elastic Block Store,us-east-1,vol-0awsactive02,platform,web,prod,OnDemand,100,GB-Mo,4.9421,USD,,True
2026-06-20,111122223333,Amazon Relational Database Service,us-east-1,db-0awsprodrds01,platform,web,prod,OnDemand,24,Hrs,26.1719,USD,,
2026-06-20,111122223333,Amazon Simple Storage Service,us-east-1,s3-0awsassetsbucket,platform,web,prod,OnDemand,100,GB-Mo,5.7786,USD,,
2026-06-20,111122223333,Amazon Virtual Private Cloud,us-east-1,nat-0awsgateway01,,,,OnDemand,24,Hrs,3.29,USD,,
2026-06-21,111122223333,Amazon Elastic Compute Cloud,us-east-1,i-0aws0000000web01,platform,web,prod,OnDemand,24,Hrs,3.6197,USD,2.1,
2026-06-21,111122223333,Amazon Elastic Compute Cloud,us-east-1,i-0aws0000000web02,platform,web,prod,OnDemand,24,Hrs,19.1743,USD,65.9,
2026-06-21,111122223333,Amazon Elastic Compute Cloud,us-west-2,i-0aws0000000batch3,data,etl,prod,OnDemand,24,Hrs,23.2483,USD,14.7,
2026-06-21,111122223333,Amazon Elastic Compute Cloud,us-east-1,i-0aws0000000api04,platform,api,prod,Reserved,24,Hrs,13.6674,USD,81.2,
2026-06-21,111122223333,Amazon Elastic Compute Cloud,eu-west-1,i-0aws0000000legacy5,,,,OnDemand,24,Hrs,2.7603,USD,1.6,
2026-06-21,111122223333,Amazon Elastic Block Store,us-east-1,vol-0awsorphan01,platform,web,prod,OnDemand,100,GB-Mo,4.3617,USD,,False
2026-06-21,111122223333,Amazon Elastic Block Store,us-east-1,vol-0awsactive02,platform,web,prod,OnDemand,100,GB-Mo,4.7681,USD,,True
2026-06-21,111122223333,Amazon Relational Database Service,us-east-1,db-0awsprodrds01,platform,web,prod,OnDemand,24,Hrs,27.2619,USD,,
2026-06-21,111122223333,Amazon Simple Storage Service,us-east-1,s3-0awsassetsbucket,platform,web,prod,OnDemand,100,GB-Mo,5.806,USD,,
2026-06-21,111122223333,Amazon Virtual Private Cloud,us-east-1,nat-0awsgateway01,,,,OnDemand,24,Hrs,3.2389,USD,,
2026-06-22,111122223333,Amazon Elastic Compute Cloud,us-east-1,i-0aws0000000web01,platform,web,prod,OnDemand,24,Hrs,3.609,USD,2.0,
2026-06-22,111122223333,Amazon Elastic Compute Cloud,us-east-1,i-0aws0000000web02,platform,web,prod,OnDemand,24,Hrs,18.5514,USD,56.0,
2026-06-22,111122223333,Amazon Elastic Compute Cloud,us-west-2,i-0aws0000000batch3,data,etl,prod,OnDemand,24,Hrs,26.4974,USD,19.2,
2026-06-22,111122223333,Amazon Elastic Compute Cloud,us-east-1,i-0aws0000000api04,platform,api,prod,Reserved,24,Hrs,15.1743,USD,78.9,
2026-06-22,111122223333,Amazon Elastic Compute Cloud,eu-west-1,i-0aws0000000legacy5,,,,OnDemand,24,Hrs,2.814,USD,1.2,
2026-06-22,111122223333,Amazon Elastic Block Store,us-east-1,vol-0awsorphan01,platform,web,prod,OnDemand,100,GB-Mo,4.2552,USD,,False
2026-06-22,111122223333,Amazon Elastic Block Store,us-east-1,vol-0awsactive02,platform,web,prod,OnDemand,100,GB-Mo,4.8657,USD,,True
2026-06-22,111122223333,Amazon Relational Database Service,us-east-1,db-0awsprodrds01,platform,web,prod,OnDemand,24,Hrs,30.3576,USD,,
2026-06-22,111122223333,Amazon Simple Storage Service,us-east-1,s3-0awsassetsbucket,platform,web,prod,OnDemand,100,GB-Mo,6.4998,USD,,
2026-06-22,111122223333,Amazon Virtual Private Cloud,us-east-1,nat-0awsgateway01,,,,OnDemand,24,Hrs,3.2806,USD,,
2026-06-23,111122223333,Amazon Elastic Compute Cloud,us-east-1,i-0aws0000000web01,platform,web,prod,OnDemand,24,Hrs,3.569,USD,1.9,
2026-06-23,111122223333,Amazon Elastic Compute Cloud,us-east-1,i-0aws0000000web02,platform,web,prod,OnDemand,24,Hrs,19.0368,USD,55.0,
2026-06-23,111122223333,Amazon Elastic Compute Cloud,us-west-2,i-0aws0000000batch3,data,etl,prod,OnDemand,24,Hrs,26.4346,USD,19.2,
2026-06-23,111122223333,Amazon Elastic Compute Cloud,us-east-1,i-0aws0000000api04,platform,api,prod,Reserved,24,Hrs,13.4738,USD,79.1,
2026-06-23,111122223333,Amazon Elastic Compute Cloud,eu-west-1,i-0aws0000000legacy5,,,,OnDemand,24,Hrs,2.652,USD,1.3,
2026-06-23,111122223333,Amazon Elastic Block Store,us-east-1,vol-0awsorphan01,platform,web,prod,OnDemand,100,GB-Mo,4.2937,USD,,False
2026-06-23,111122223333,Amazon Elastic Block Store,us-east-1,vol-0awsactive02,platform,web,prod,OnDemand,100,GB-Mo,4.7821,USD,,True
2026-06-23,111122223333,Amazon Relational Database Service,us-east-1,db-0awsprodrds01,platform,web,prod,OnDemand,24,Hrs,26.2355,USD,,
2026-06-23,111122223333,Amazon Simple Storage Service,us-east-1,s3-0awsassetsbucket,platform,web,prod,OnDemand,100,GB-Mo,5.8956,USD,,
2026-06-23,111122223333,Amazon Virtual Private Cloud,us-east-1,nat-0awsgateway01,,,,OnDemand,24,Hrs,3.0148,USD,,
2026-06-24,111122223333,Amazon Elastic Compute Cloud,us-east-1,i-0aws0000000web01,platform,web,prod,OnDemand,24,Hrs,3.5982,USD,2.5,
2026-06-24,111122223333,Amazon Elastic Compute Cloud,us-east-1,i-0aws0000000web02,platform,web,prod,OnDemand,24,Hrs,17.5568,USD,67.3,
2026-06-24,111122223333,Amazon Elastic Compute Cloud,us-west-2,i-0aws0000000batch3,data,etl,prod,OnDemand,24,Hrs,24.7027,USD,19.9,
2026-06-24,111122223333,Amazon Elastic Compute Cloud,us-east-1,i-0aws0000000api04,platform,api,prod,Reserved,24,Hrs,14.1817,USD,82.2,
2026-06-24,111122223333,Amazon Elastic Compute Cloud,eu-west-1,i-0aws0000000legacy5,,,,OnDemand,24,Hrs,2.5204,USD,1.6,
2026-06-24,111122223333,Amazon Elastic Block Store,us-east-1,vol-0awsorphan01,platform,web,prod,OnDemand,100,GB-Mo,3.8891,USD,,False
2026-06-24,111122223333,Amazon Elastic Block Store,us-east-1,vol-0awsactive02,platform,web,prod,OnDemand,100,GB-Mo,5.37,USD,,True
2026-06-24,111122223333,Amazon Relational Database Service,us-east-1,db-0awsprodrds01,platform,web,prod,OnDemand,24,Hrs,27.3343,USD,,
2026-06-24,111122223333,Amazon Simple Storage Service,us-east-1,s3-0awsassetsbucket,platform,web,prod,OnDemand,100,GB-Mo,5.8115,USD,,
2026-06-24,111122223333,Amazon Virtual Private Cloud,us-east-1,nat-0awsgateway01,,,,OnDemand,24,Hrs,3.0675,USD,,
2026-06-25,111122223333,Amazon Elastic Compute Cloud,us-east-1,i-0aws0000000web01,platform,web,prod,OnDemand,24,Hrs,3.5243,USD,2.0,
2026-06-25,111122223333,Amazon Elastic Compute Cloud,us-east-1,i-0aws0000000web02,platform,web,prod,OnDemand,24,Hrs,18.5093,USD,64.3,
2026-06-25,111122223333,Amazon Elastic Compute Cloud,us-west-2,i-0aws0000000batch3,data,etl,prod,OnDemand,24,Hrs,24.7985,USD,17.5,
2026-06-25,111122223333,Amazon Elastic Compute Cloud,us-east-1,i-0aws0000000api04,platform,api,prod,Reserved,24,Hrs,13.5467,USD,76.3,
2026-06-25,111122223333,Amazon Elastic Compute Cloud,eu-west-1,i-0aws0000000legacy5,,,,OnDemand,24,Hrs,2.487,USD,1.6,
2026-06-25,111122223333,Amazon Elastic Block Store,us-east-1,vol-0awsorphan01,platform,web,prod,OnDemand,100,GB-Mo,4.1252,USD,,False
2026-06-25,111122223333,Amazon Elastic Block Store,us-east-1,vol-0awsactive02,platform,web,prod,OnDemand,100,GB-Mo,5.1755,USD,,True
2026-06-25,111122223333,Amazon Relational Database Service,us-east-1,db-0awsprodrds01,platform,web,prod,OnDemand,24,Hrs,29.4994,USD,,
2026-06-25,111122223333,Amazon Simple Storage Service,us-east-1,s3-0awsassetsbucket,platform,web,prod,OnDemand,100,GB-Mo,6.3693,USD,,
2026-06-25,111122223333,Amazon Virtual Private Cloud,us-east-1,nat-0awsgateway01,,,,OnDemand,24,Hrs,3.0327,USD,,
2026-06-26,111122223333,Amazon Elastic Compute Cloud,us-east-1,i-0aws0000000web01,platform,web,prod,OnDemand,24,Hrs,3.1661,USD,2.2,
2026-06-26,111122223333,Amazon Elastic Compute Cloud,us-east-1,i-0aws0000000web02,platform,web,prod,OnDemand,24,Hrs,17.7055,USD,59.7,
2026-06-26,111122223333,Amazon Elastic Compute Cloud,us-west-2,i-0aws0000000batch3,data,etl,prod,OnDemand,24,Hrs,26.8347,USD,18.3,
2026-06-26,111122223333,Amazon Elastic Compute Cloud,us-east-1,i-0aws0000000api04,platform,api,prod,Reserved,24,Hrs,13.6495,USD,66.1,
2026-06-26,111122223333,Amazon Elastic Compute Cloud,eu-west-1,i-0aws0000000legacy5,,,,OnDemand,24,Hrs,2.6794,USD,1.4,
2026-06-26,111122223333,Amazon Elastic Block Store,us-east-1,vol-0awsorphan01,platform,web,prod,OnDemand,100,GB-Mo,3.9659,USD,,False
2026-06-26,111122223333,Amazon Elastic Block Store,us-east-1,vol-0awsactive02,platform,web,prod,OnDemand,100,GB-Mo,4.7018,USD,,True
2026-06-26,111122223333,Amazon Relational Database Service,us-east-1,db-0awsprodrds01,platform,web,prod,OnDemand,24,Hrs,28.0385,USD,,
2026-06-26,111122223333,Amazon Simple Storage Service,us-east-1,s3-0awsassetsbucket,platform,web,prod,OnDemand,100,GB-Mo,6.6368,USD,,
2026-06-26,111122223333,Amazon Virtual Private Cloud,us-east-1,nat-0awsgateway01,,,,OnDemand,24,Hrs,3.1879,USD,,
2026-06-27,111122223333,Amazon Elastic Compute Cloud,us-east-1,i-0aws0000000web01,platform,web,prod,OnDemand,24,Hrs,3.6191,USD,2.2,
2026-06-27,111122223333,Amazon Elastic Compute Cloud,us-east-1,i-0aws0000000web02,platform,web,prod,OnDemand,24,Hrs,17.6204,USD,65.1,
2026-06-27,111122223333,Amazon Elastic Compute Cloud,us-west-2,i-0aws0000000batch3,data,etl,prod,OnDemand,24,Hrs,23.5316,USD,15.7,
2026-06-27,111122223333,Amazon Elastic Compute Cloud,us-east-1,i-0aws0000000api04,platform,api,prod,Reserved,24,Hrs,13.9418,USD,73.0,
2026-06-27,111122223333,Amazon Elastic Compute Cloud,eu-west-1,i-0aws0000000legacy5,,,,OnDemand,24,Hrs,2.8038,USD,1.4,
2026-06-27,111122223333,Amazon Elastic Block Store,us-east-1,vol-0awsorphan01,platform,web,prod,OnDemand,100,GB-Mo,4.0621,USD,,False
2026-06-27,111122223333,Amazon Elastic Block Store,us-east-1,vol-0awsactive02,platform,web,prod,OnDemand,100,GB-Mo,4.771,USD,,True
2026-06-27,111122223333,Amazon Relational Database Service,us-east-1,db-0awsprodrds01,platform,web,prod,OnDemand,24,Hrs,28.2782,USD,,
2026-06-27,111122223333,Amazon Simple Storage Service,us-east-1,s3-0awsassetsbucket,platform,web,prod,OnDemand,100,GB-Mo,6.598,USD,,
2026-06-27,111122223333,Amazon Virtual Private Cloud,us-east-1,nat-0awsgateway01,,,,OnDemand,24,Hrs,3.2468,USD,,
2026-06-28,111122223333,Amazon Elastic Compute Cloud,us-east-1,i-0aws0000000web01,platform,web,prod,OnDemand,24,Hrs,3.2203,USD,1.8,
2026-06-28,111122223333,Amazon Elastic Compute Cloud,us-east-1,i-0aws0000000web02,platform,web,prod,OnDemand,24,Hrs,18.245,USD,67.1,
2026-06-28,111122223333,Amazon Elastic Compute Cloud,us-west-2,i-0aws0000000batch3,data,etl,prod,OnDemand,24,Hrs,25.0542,USD,18.9,
2026-06-28,111122223333,Amazon Elastic Compute Cloud,us-east-1,i-0aws0000000api04,platform,api,prod,Reserved,24,Hrs,14.6666,USD,75.4,
2026-06-28,111122223333,Amazon Elastic Compute Cloud,eu-west-1,i-0aws0000000legacy5,,,,OnDemand,24,Hrs,2.6315,USD,1.2,
2026-06-28,111122223333,Amazon Elastic Block Store,us-east-1,vol-0awsorphan01,platform,web,prod,OnDemand,100,GB-Mo,3.788,USD,,False
2026-06-28,111122223333,Amazon Elastic Block Store,us-east-1,vol-0awsactive02,platform,web,prod,OnDemand,100,GB-Mo,4.7959,USD,,True
2026-06-28,111122223333,Amazon Relational Database Service,us-east-1,db-0awsprodrds01,platform,web,prod,OnDemand,24,Hrs,28.287,USD,,
2026-06-28,111122223333,Amazon Simple Storage Service,us-east-1,s3-0awsassetsbucket,platform,web,prod,OnDemand,100,GB-Mo,6.5469,USD,,
2026-06-28,111122223333,Amazon Virtual Private Cloud,us-east-1,nat-0awsgateway01,,,,OnDemand,24,Hrs,2.8881,USD,,
2026-06-29,111122223333,Amazon Elastic Compute Cloud,us-east-1,i-0aws0000000web01,platform,web,prod,OnDemand,24,Hrs,3.3535,USD,2.2,
2026-06-29,111122223333,Amazon Elastic Compute Cloud,us-east-1,i-0aws0000000web02,platform,web,prod,OnDemand,24,Hrs,17.3102,USD,68.5,
2026-06-29,111122223333,Amazon Elastic Compute Cloud,us-west-2,i-0aws0000000batch3,data,etl,prod,OnDemand,24,Hrs,25.8663,USD,15.4,
2026-06-29,111122223333,Amazon Elastic Compute Cloud,us-east-1,i-0aws0000000api04,platform,api,prod,Reserved,24,Hrs,14.4521,USD,58.4,
2026-06-29,111122223333,Amazon Elastic Compute Cloud,eu-west-1,i-0aws0000000legacy5,,,,OnDemand,24,Hrs,2.8808,USD,1.5,
2026-06-29,111122223333,Amazon Elastic Block Store,us-east-1,vol-0awsorphan01,platform,web,prod,OnDemand,100,GB-Mo,3.8419,USD,,False
2026-06-29,111122223333,Amazon Elastic Block Store,us-east-1,vol-0awsactive02,platform,web,prod,OnDemand,100,GB-Mo,4.9401,USD,,True
2026-06-29,111122223333,Amazon Relational Database Service,us-east-1,db-0awsprodrds01,platform,web,prod,OnDemand,24,Hrs,26.9272,USD,,
2026-06-29,111122223333,Amazon Simple Storage Service,us-east-1,s3-0awsassetsbucket,platform,web,prod,OnDemand,100,GB-Mo,6.6543,USD,,
2026-06-29,111122223333,Amazon Virtual Private Cloud,us-east-1,nat-0awsgateway01,,,,OnDemand,24,Hrs,3.1089,USD,,
2026-06-30,111122223333,Amazon Elastic Compute Cloud,us-east-1,i-0aws0000000web01,platform,web,prod,OnDemand,24,Hrs,3.1553,USD,1.9,
2026-06-30,111122223333,Amazon Elastic Compute Cloud,us-east-1,i-0aws0000000web02,platform,web,prod,OnDemand,24,Hrs,19.2144,USD,63.0,
2026-06-30,111122223333,Amazon Elastic Compute Cloud,us-west-2,i-0aws0000000batch3,data,etl,prod,OnDemand,24,Hrs,27.3025,USD,18.0,
2026-06-30,111122223333,Amazon Elastic Compute Cloud,us-east-1,i-0aws0000000api04,platform,api,prod,Reserved,24,Hrs,15.2007,USD,73.4,
2026-06-30,111122223333,Amazon Elastic Compute Cloud,eu-west-1,i-0aws0000000legacy5,,,,OnDemand,24,Hrs,2.987,USD,1.6,
2026-06-30,111122223333,Amazon Elastic Block Store,us-east-1,vol-0awsorphan01,platform,web,prod,OnDemand,100,GB-Mo,4.1739,USD,,False
2026-06-30,111122223333,Amazon Elastic Block Store,us-east-1,vol-0awsactive02,platform,web,prod,OnDemand,100,GB-Mo,5.1754,USD,,True
2026-06-30,111122223333,Amazon Relational Database Service,us-east-1,db-0awsprodrds01,platform,web,prod,OnDemand,24,Hrs,28.4217,USD,,
2026-06-30,111122223333,Amazon Simple Storage Service,us-east-1,s3-0awsassetsbucket,platform,web,prod,OnDemand,100,GB-Mo,6.5279,USD,,
2026-06-30,111122223333,Amazon Virtual Private Cloud,us-east-1,nat-0awsgateway01,,,,OnDemand,24,Hrs,3.1237,USD,,
2026-07-01,111122223333,Amazon Elastic Compute Cloud,us-east-1,i-0aws0000000web01,platform,web,prod,OnDemand,24,Hrs,3.6161,USD,2.3,
2026-07-01,111122223333,Amazon Elastic Compute Cloud,us-east-1,i-0aws0000000web02,platform,web,prod,OnDemand,24,Hrs,18.1263,USD,58.5,
2026-07-01,111122223333,Amazon Elastic Compute Cloud,us-west-2,i-0aws0000000batch3,data,etl,prod,OnDemand,24,Hrs,25.1434,USD,17.8,
2026-07-01,111122223333,Amazon Elastic Compute Cloud,us-east-1,i-0aws0000000api04,platform,api,prod,Reserved,24,Hrs,14.6997,USD,71.5,
2026-07-01,111122223333,Amazon Elastic Compute Cloud,eu-west-1,i-0aws0000000legacy5,,,,OnDemand,24,Hrs,2.86,USD,1.3,
2026-07-01,111122223333,Amazon Elastic Block Store,us-east-1,vol-0awsorphan01,platform,web,prod,OnDemand,100,GB-Mo,3.8228,USD,,False
2026-07-01,111122223333,Amazon Elastic Block Store,us-east-1,vol-0awsactive02,platform,web,prod,OnDemand,100,GB-Mo,4.8286,USD,,True
2026-07-01,111122223333,Amazon Relational Database Service,us-east-1,db-0awsprodrds01,platform,web,prod,OnDemand,24,Hrs,27.3627,USD,,
2026-07-01,111122223333,Amazon Simple Storage Service,us-east-1,s3-0awsassetsbucket,platform,web,prod,OnDemand,100,GB-Mo,6.0212,USD,,
2026-07-01,111122223333,Amazon Virtual Private Cloud,us-east-1,nat-0awsgateway01,,,,OnDemand,24,Hrs,3.1199,USD,,
2026-07-02,111122223333,Amazon Elastic Compute Cloud,us-east-1,i-0aws0000000web01,platform,web,prod,OnDemand,24,Hrs,3.2033,USD,1.9,
2026-07-02,111122223333,Amazon Elastic Compute Cloud,us-east-1,i-0aws0000000web02,platform,web,prod,OnDemand,24,Hrs,18.7648,USD,68.8,
2026-07-02,111122223333,Amazon Elastic Compute Cloud,us-west-2,i-0aws0000000batch3,data,etl,prod,OnDemand,24,Hrs,24.522,USD,16.4,
2026-07-02,111122223333,Amazon Elastic Compute Cloud,us-east-1,i-0aws0000000api04,platform,api,prod,Reserved,24,Hrs,14.1961,USD,68.8,
2026-07-02,111122223333,Amazon Elastic Compute Cloud,eu-west-1,i-0aws0000000legacy5,,,,OnDemand,24,Hrs,2.6876,USD,1.4,
2026-07-02,111122223333,Amazon Elastic Block Store,us-east-1,vol-0awsorphan01,platform,web,prod,OnDemand,100,GB-Mo,4.3656,USD,,False
2026-07-02,111122223333,Amazon Elastic Block Store,us-east-1,vol-0awsactive02,platform,web,prod,OnDemand,100,GB-Mo,5.0673,USD,,True
2026-07-02,111122223333,Amazon Relational Database Service,us-east-1,db-0awsprodrds01,platform,web,prod,OnDemand,24,Hrs,29.2885,USD,,
2026-07-02,111122223333,Amazon Simple Storage Service,us-east-1,s3-0awsassetsbucket,platform,web,prod,OnDemand,100,GB-Mo,6.5539,USD,,
2026-07-02,111122223333,Amazon Virtual Private Cloud,us-east-1,nat-0awsgateway01,,,,OnDemand,24,Hrs,3.2317,USD,,
2026-07-03,111122223333,Amazon Elastic Compute Cloud,us-east-1,i-0aws0000000web01,platform,web,prod,OnDemand,24,Hrs,3.3349,USD,1.7,
2026-07-03,111122223333,Amazon Elastic Compute Cloud,us-east-1,i-0aws0000000web02,platform,web,prod,OnDemand,24,Hrs,17.7683,USD,69.8,
2026-07-03,111122223333,Amazon Elastic Compute Cloud,us-west-2,i-0aws0000000batch3,data,etl,prod,OnDemand,24,Hrs,28.0162,USD,19.8,
2026-07-03,111122223333,Amazon Elastic Compute Cloud,us-east-1,i-0aws0000000api04,platform,api,prod,Reserved,24,Hrs,13.9173,USD,77.3,
2026-07-03,111122223333,Amazon Elastic Compute Cloud,eu-west-1,i-0aws0000000legacy5,,,,OnDemand,24,Hrs,2.8576,USD,1.5,
2026-07-03,111122223333,Amazon Elastic Block Store,us-east-1,vol-0awsorphan01,platform,web,prod,OnDemand,100,GB-Mo,3.9167,USD,,False
2026-07-03,111122223333,Amazon Elastic Block Store,us-east-1,vol-0awsactive02,platform,web,prod,OnDemand,100,GB-Mo,4.7755,USD,,True
2026-07-03,111122223333,Amazon Relational Database Service,us-east-1,db-0awsprodrds01,platform,web,prod,OnDemand,24,Hrs,28.1084,USD,,
2026-07-03,111122223333,Amazon Simple Storage Service,us-east-1,s3-0awsassetsbucket,platform,web,prod,OnDemand,100,GB-Mo,5.7328,USD,,
2026-07-03,111122223333,Amazon Virtual Private Cloud,us-east-1,nat-0awsgateway01,,,,OnDemand,24,Hrs,3.0187,USD,,
2026-07-04,111122223333,Amazon Elastic Compute Cloud,us-east-1,i-0aws0000000web01,platform,web,prod,OnDemand,24,Hrs,3.4975,USD,2.0,
2026-07-04,111122223333,Amazon Elastic Compute Cloud,us-east-1,i-0aws0000000web02,platform,web,prod,OnDemand,24,Hrs,17.2246,USD,63.2,
2026-07-04,111122223333,Amazon Elastic Compute Cloud,us-west-2,i-0aws0000000batch3,data,etl,prod,OnDemand,24,Hrs,25.0842,USD,17.7,
2026-07-04,111122223333,Amazon Elastic Compute Cloud,us-east-1,i-0aws0000000api04,platform,api,prod,Reserved,24,Hrs,13.0328,USD,68.3,
2026-07-04,111122223333,Amazon Elastic Compute Cloud,eu-west-1,i-0aws0000000legacy5,,,,OnDemand,24,Hrs,2.8828,USD,1.2,
2026-07-04,111122223333,Amazon Elastic Block Store,us-east-1,vol-0awsorphan01,platform,web,prod,OnDemand,100,GB-Mo,4.1936,USD,,False
2026-07-04,111122223333,Amazon Elastic Block Store,us-east-1,vol-0awsactive02,platform,web,prod,OnDemand,100,GB-Mo,4.7086,USD,,True
2026-07-04,111122223333,Amazon Relational Database Service,us-east-1,db-0awsprodrds01,platform,web,prod,OnDemand,24,Hrs,28.226,USD,,
2026-07-04,111122223333,Amazon Simple Storage Service,us-east-1,s3-0awsassetsbucket,platform,web,prod,OnDemand,100,GB-Mo,5.7539,USD,,
2026-07-04,111122223333,Amazon Virtual Private Cloud,us-east-1,nat-0awsgateway01,,,,OnDemand,24,Hrs,3.04,USD,,
2026-07-05,111122223333,Amazon Elastic Compute Cloud,us-east-1,i-0aws0000000web01,platform,web,prod,OnDemand,24,Hrs,3.2431,USD,2.0,
2026-07-05,111122223333,Amazon Elastic Compute Cloud,us-east-1,i-0aws0000000web02,platform,web,prod,OnDemand,24,Hrs,18.9607,USD,61.2,
2026-07-05,111122223333,Amazon Elastic Compute Cloud,us-west-2,i-0aws0000000batch3,data,etl,prod,OnDemand,24,Hrs,27.912,USD,19.0,
2026-07-05,111122223333,Amazon Elastic Compute Cloud,us-east-1,i-0aws0000000api04,platform,api,prod,Reserved,24,Hrs,13.5411,USD,60.3,
2026-07-05,111122223333,Amazon Elastic Compute Cloud,eu-west-1,i-0aws0000000legacy5,,,,OnDemand,24,Hrs,2.6495,USD,1.4,
2026-07-05,111122223333,Amazon Elastic Block Store,us-east-1,vol-0awsorphan01,platform,web,prod,OnDemand,100,GB-Mo,4.4279,USD,,False
2026-07-05,111122223333,Amazon Elastic Block Store,us-east-1,vol-0awsactive02,platform,web,prod,OnDemand,100,GB-Mo,4.88,USD,,True
2026-07-05,111122223333,Amazon Relational Database Service,us-east-1,db-0awsprodrds01,platform,web,prod,OnDemand,24,Hrs,29.0823,USD,,
2026-07-05,111122223333,Amazon Simple Storage Service,us-east-1,s3-0awsassetsbucket,platform,web,prod,OnDemand,100,GB-Mo,6.479,USD,,
2026-07-05,111122223333,Amazon Virtual Private Cloud,us-east-1,nat-0awsgateway01,,,,OnDemand,24,Hrs,3.1753,USD,,
2026-07-06,111122223333,Amazon Elastic Compute Cloud,us-east-1,i-0aws0000000web01,platform,web,prod,OnDemand,24,Hrs,3.5383,USD,2.4,
2026-07-06,111122223333,Amazon Elastic Compute Cloud,us-east-1,i-0aws0000000web02,platform,web,prod,OnDemand,24,Hrs,17.3245,USD,52.9,
2026-07-06,111122223333,Amazon Elastic Compute Cloud,us-west-2,i-0aws0000000batch3,data,etl,prod,OnDemand,24,Hrs,25.486,USD,14.7,
2026-07-06,111122223333,Amazon Elastic Compute Cloud,us-east-1,i-0aws0000000api04,platform,api,prod,Reserved,24,Hrs,14.4823,USD,72.6,
2026-07-06,111122223333,Amazon Elastic Compute Cloud,eu-west-1,i-0aws0000000legacy5,,,,OnDemand,24,Hrs,2.7567,USD,1.5,
2026-07-06,111122223333,Amazon Elastic Block Store,us-east-1,vol-0awsorphan01,platform,web,prod,OnDemand,100,GB-Mo,4.2751,USD,,False
2026-07-06,111122223333,Amazon Elastic Block Store,us-east-1,vol-0awsactive02,platform,web,prod,OnDemand,100,GB-Mo,4.7342,USD,,True
2026-07-06,111122223333,Amazon Relational Database Service,us-east-1,db-0awsprodrds01,platform,web,prod,OnDemand,24,Hrs,28.8873,USD,,
2026-07-06,111122223333,Amazon Simple Storage Service,us-east-1,s3-0awsassetsbucket,platform,web,prod,OnDemand,100,GB-Mo,6.4459,USD,,
2026-07-06,111122223333,Amazon Virtual Private Cloud,us-east-1,nat-0awsgateway01,,,,OnDemand,24,Hrs,2.9088,USD,,
2026-07-07,111122223333,Amazon Elastic Compute Cloud,us-east-1,i-0aws0000000web01,platform,web,prod,OnDemand,24,Hrs,3.5737,USD,2.5,
2026-07-07,111122223333,Amazon Elastic Compute Cloud,us-east-1,i-0aws0000000web02,platform,web,prod,OnDemand,24,Hrs,17.0588,USD,53.1,
2026-07-07,111122223333,Amazon Elastic Compute Cloud,us-west-2,i-0aws0000000batch3,data,etl,prod,OnDemand,24,Hrs,26.3271,USD,18.1,
2026-07-07,111122223333,Amazon Elastic Compute Cloud,us-east-1,i-0aws0000000api04,platform,api,prod,Reserved,24,Hrs,15.1336,USD,68.4,
2026-07-07,111122223333,Amazon Elastic Compute Cloud,eu-west-1,i-0aws0000000legacy5,,,,OnDemand,24,Hrs,3.0036,USD,1.2,
2026-07-07,111122223333,Amazon Elastic Block Store,us-east-1,vol-0awsorphan01,platform,web,prod,OnDemand,100,GB-Mo,4.225,USD,,False
2026-07-07,111122223333,Amazon Elastic Block Store,us-east-1,vol-0awsactive02,platform,web,prod,OnDemand,100,GB-Mo,5.1018,USD,,True
2026-07-07,111122223333,Amazon Relational Database Service,us-east-1,db-0awsprodrds01,platform,web,prod,OnDemand,24,Hrs,26.591,USD,,
2026-07-07,111122223333,Amazon Simple Storage Service,us-east-1,s3-0awsassetsbucket,platform,web,prod,OnDemand,100,GB-Mo,6.4703,USD,,
2026-07-07,111122223333,Amazon Virtual Private Cloud,us-east-1,nat-0awsgateway01,,,,OnDemand,24,Hrs,3.2737,USD,,
2026-07-08,111122223333,Amazon Elastic Compute Cloud,us-east-1,i-0aws0000000web01,platform,web,prod,OnDemand,24,Hrs,3.4546,USD,1.8,
2026-07-08,111122223333,Amazon Elastic Compute Cloud,us-east-1,i-0aws0000000web02,platform,web,prod,OnDemand,24,Hrs,19.609,USD,70.5,
2026-07-08,111122223333,Amazon Elastic Compute Cloud,us-west-2,i-0aws0000000batch3,data,etl,prod,OnDemand,24,Hrs,26.6331,USD,16.6,
2026-07-08,111122223333,Amazon Elastic Compute Cloud,us-east-1,i-0aws0000000api04,platform,api,prod,Reserved,24,Hrs,13.808,USD,71.2,
2026-07-08,111122223333,Amazon Elastic Compute Cloud,eu-west-1,i-0aws0000000legacy5,,,,OnDemand,24,Hrs,2.8463,USD,1.6,
2026-07-08,111122223333,Amazon Elastic Block Store,us-east-1,vol-0awsorphan01,platform,web,prod,OnDemand,100,GB-Mo,4.3114,USD,,False
2026-07-08,111122223333,Amazon Elastic Block Store,us-east-1,vol-0awsactive02,platform,web,prod,OnDemand,100,GB-Mo,4.6844,USD,,True
2026-07-08,111122223333,Amazon Relational Database Service,us-east-1,db-0awsprodrds01,platform,web,prod,OnDemand,24,Hrs,30.4938,USD,,
2026-07-08,111122223333,Amazon Simple Storage Service,us-east-1,s3-0awsassetsbucket,platform,web,prod,OnDemand,100,GB-Mo,6.3345,USD,,
2026-07-08,111122223333,Amazon Virtual Private Cloud,us-east-1,nat-0awsgateway01,,,,OnDemand,24,Hrs,3.263,USD,,
2026-07-09,111122223333,Amazon Elastic Compute Cloud,us-east-1,i-0aws0000000web01,platform,web,prod,OnDemand,24,Hrs,3.5128,USD,2.1,
2026-07-09,111122223333,Amazon Elastic Compute Cloud,us-east-1,i-0aws0000000web02,platform,web,prod,OnDemand,24,Hrs,18.8808,USD,74.7,
2026-07-09,111122223333,Amazon Elastic Compute Cloud,us-west-2,i-0aws0000000batch3,data,etl,prod,OnDemand,24,Hrs,26.4472,USD,18.9,
2026-07-09,111122223333,Amazon Elastic Compute Cloud,us-east-1,i-0aws0000000api04,platform,api,prod,Reserved,24,Hrs,14.1861,USD,70.6,
2026-07-09,111122223333,Amazon Elastic Compute Cloud,eu-west-1,i-0aws0000000legacy5,,,,OnDemand,24,Hrs,2.907,USD,1.5,
2026-07-09,111122223333,Amazon Elastic Block Store,us-east-1,vol-0awsorphan01,platform,web,prod,OnDemand,100,GB-Mo,3.9481,USD,,False
2026-07-09,111122223333,Amazon Elastic Block Store,us-east-1,vol-0awsactive02,platform,web,prod,OnDemand,100,GB-Mo,5.2814,USD,,True
2026-07-09,111122223333,Amazon Relational Database Service,us-east-1,db-0awsprodrds01,platform,web,prod,OnDemand,24,Hrs,29.9028,USD,,
2026-07-09,111122223333,Amazon Simple Storage Service,us-east-1,s3-0awsassetsbucket,platform,web,prod,OnDemand,100,GB-Mo,5.79,USD,,
2026-07-09,111122223333,Amazon Virtual Private Cloud,us-east-1,nat-0awsgateway01,,,,OnDemand,24,Hrs,3.2893,USD,,
2026-07-10,111122223333,Amazon Elastic Compute Cloud,us-east-1,i-0aws0000000web01,platform,web,prod,OnDemand,24,Hrs,3.2607,USD,2.1,
2026-07-10,111122223333,Amazon Elastic Compute Cloud,us-east-1,i-0aws0000000web02,platform,web,prod,OnDemand,24,Hrs,18.5213,USD,61.2,
2026-07-10,111122223333,Amazon Elastic Compute Cloud,us-west-2,i-0aws0000000batch3,data,etl,prod,OnDemand,24,Hrs,25.5317,USD,19.1,
2026-07-10,111122223333,Amazon Elastic Compute Cloud,us-east-1,i-0aws0000000api04,platform,api,prod,Reserved,24,Hrs,13.3822,USD,63.6,
2026-07-10,111122223333,Amazon Elastic Compute Cloud,eu-west-1,i-0aws0000000legacy5,,,,OnDemand,24,Hrs,3.0948,USD,1.3,
2026-07-10,111122223333,Amazon Elastic Block Store,us-east-1,vol-0awsorphan01,platform,web,prod,OnDemand,100,GB-Mo,4.3495,USD,,False
2026-07-10,111122223333,Amazon Elastic Block Store,us-east-1,vol-0awsactive02,platform,web,prod,OnDemand,100,GB-Mo,5.1609,USD,,True
2026-07-10,111122223333,Amazon Relational Database Service,us-east-1,db-0awsprodrds01,platform,web,prod,OnDemand,24,Hrs,27.3834,USD,,
2026-07-10,111122223333,Amazon Simple Storage Service,us-east-1,s3-0awsassetsbucket,platform,web,prod,OnDemand,100,GB-Mo,5.7141,USD,,
2026-07-10,111122223333,Amazon Virtual Private Cloud,us-east-1,nat-0awsgateway01,,,,OnDemand,24,Hrs,3.3222,USD,,
2026-07-11,111122223333,Amazon Elastic Compute Cloud,us-east-1,i-0aws0000000web01,platform,web,prod,OnDemand,24,Hrs,3.1746,USD,2.3,
2026-07-11,111122223333,Amazon Elastic Compute Cloud,us-east-1,i-0aws0000000web02,platform,web,prod,OnDemand,24,Hrs,18.1667,USD,69.9,
2026-07-11,111122223333,Amazon Elastic Compute Cloud,us-west-2,i-0aws0000000batch3,data,etl,prod,OnDemand,24,Hrs,28.6178,USD,17.9,
2026-07-11,111122223333,Amazon Elastic Compute Cloud,us-east-1,i-0aws0000000api04,platform,api,prod,Reserved,24,Hrs,14.0793,USD,78.5,
2026-07-11,111122223333,Amazon Elastic Compute Cloud,eu-west-1,i-0aws0000000legacy5,,,,OnDemand,24,Hrs,2.7774,USD,1.3,
2026-07-11,111122223333,Amazon Elastic Block Store,us-east-1,vol-0awsorphan01,platform,web,prod,OnDemand,100,GB-Mo,4.2258,USD,,False
2026-07-11,111122223333,Amazon Elastic Block Store,us-east-1,vol-0awsactive02,platform,web,prod,OnDemand,100,GB-Mo,4.845,USD,,True
2026-07-11,111122223333,Amazon Relational Database Service,us-east-1,db-0awsprodrds01,platform,web,prod,OnDemand,24,Hrs,28.7706,USD,,
2026-07-11,111122223333,Amazon Simple Storage Service,us-east-1,s3-0awsassetsbucket,platform,web,prod,OnDemand,100,GB-Mo,6.1735,USD,,
2026-07-11,111122223333,Amazon Virtual Private Cloud,us-east-1,nat-0awsgateway01,,,,OnDemand,24,Hrs,3.1153,USD,,
2026-07-12,111122223333,Amazon Elastic Compute Cloud,us-east-1,i-0aws0000000web01,platform,web,prod,OnDemand,24,Hrs,3.3595,USD,2.3,
2026-07-12,111122223333,Amazon Elastic Compute Cloud,us-east-1,i-0aws0000000web02,platform,web,prod,OnDemand,24,Hrs,17.7073,USD,68.7,
2026-07-12,111122223333,Amazon Elastic Compute Cloud,us-west-2,i-0aws0000000batch3,data,etl,prod,OnDemand,24,Hrs,26.904,USD,15.5,
2026-07-12,111122223333,Amazon Elastic Compute Cloud,us-east-1,i-0aws0000000api04,platform,api,prod,Reserved,24,Hrs,13.2442,USD,63.1,
2026-07-12,111122223333,Amazon Elastic Compute Cloud,eu-west-1,i-0aws0000000legacy5,,,,OnDemand,24,Hrs,2.8057,USD,1.4,
2026-07-12,111122223333,Amazon Elastic Block Store,us-east-1,vol-0awsorphan01,platform,web,prod,OnDemand,100,GB-Mo,4.272,USD,,False
2026-07-12,111122223333,Amazon Elastic Block Store,us-east-1,vol-0awsactive02,platform,web,prod,OnDemand,100,GB-Mo,4.7481,USD,,True
2026-07-12,111122223333,Amazon Relational Database Service,us-east-1,db-0awsprodrds01,platform,web,prod,OnDemand,24,Hrs,27.1113,USD,,
2026-07-12,111122223333,Amazon Simple Storage Service,us-east-1,s3-0awsassetsbucket,platform,web,prod,OnDemand,100,GB-Mo,6.1843,USD,,
2026-07-12,111122223333,Amazon Virtual Private Cloud,us-east-1,nat-0awsgateway01,,,,OnDemand,24,Hrs,3.2114,USD,,
2026-07-13,111122223333,Amazon Elastic Compute Cloud,us-east-1,i-0aws0000000web01,platform,web,prod,OnDemand,24,Hrs,3.6593,USD,2.1,
2026-07-13,111122223333,Amazon Elastic Compute Cloud,us-east-1,i-0aws0000000web02,platform,web,prod,OnDemand,24,Hrs,17.5681,USD,54.8,
2026-07-13,111122223333,Amazon Elastic Compute Cloud,us-west-2,i-0aws0000000batch3,data,etl,prod,OnDemand,24,Hrs,26.7099,USD,15.3,
2026-07-13,111122223333,Amazon Elastic Compute Cloud,us-east-1,i-0aws0000000api04,platform,api,prod,Reserved,24,Hrs,13.3768,USD,58.6,
2026-07-13,111122223333,Amazon Elastic Compute Cloud,eu-west-1,i-0aws0000000legacy5,,,,OnDemand,24,Hrs,3.0208,USD,1.3,
2026-07-13,111122223333,Amazon Elastic Block Store,us-east-1,vol-0awsorphan01,platform,web,prod,OnDemand,100,GB-Mo,4.4111,USD,,False
2026-07-13,111122223333,Amazon Elastic Block Store,us-east-1,vol-0awsactive02,platform,web,prod,OnDemand,100,GB-Mo,5.0427,USD,,True
2026-07-13,111122223333,Amazon Relational Database Service,us-east-1,db-0awsprodrds01,platform,web,prod,OnDemand,24,Hrs,29.2971,USD,,
2026-07-13,111122223333,Amazon Simple Storage Service,us-east-1,s3-0awsassetsbucket,platform,web,prod,OnDemand,100,GB-Mo,5.8293,USD,,
2026-07-13,111122223333,Amazon Virtual Private Cloud,us-east-1,nat-0awsgateway01,,,,OnDemand,24,Hrs,3.2828,USD,,
2026-07-14,111122223333,Amazon Elastic Compute Cloud,us-east-1,i-0aws0000000web01,platform,web,prod,OnDemand,24,Hrs,3.395,USD,2.4,
2026-07-14,111122223333,Amazon Elastic Compute Cloud,us-east-1,i-0aws0000000web02,platform,web,prod,OnDemand,24,Hrs,18.4157,USD,63.3,
2026-07-14,111122223333,Amazon Elastic Compute Cloud,us-west-2,i-0aws0000000batch3,data,etl,prod,OnDemand,24,Hrs,27.9721,USD,15.1,
2026-07-14,111122223333,Amazon Elastic Compute Cloud,us-east-1,i-0aws0000000api04,platform,api,prod,Reserved,24,Hrs,13.0879,USD,82.3,
2026-07-14,111122223333,Amazon Elastic Compute Cloud,eu-west-1,i-0aws0000000legacy5,,,,OnDemand,24,Hrs,3.0104,USD,1.6,
2026-07-14,111122223333,Amazon Elastic Block Store,us-east-1,vol-0awsorphan01,platform,web,prod,OnDemand,100,GB-Mo,4.0349,USD,,False
2026-07-14,111122223333,Amazon Elastic Block Store,us-east-1,vol-0awsactive02,platform,web,prod,OnDemand,100,GB-Mo,4.6593,USD,,True
2026-07-14,111122223333,Amazon Relational Database Service,us-east-1,db-0awsprodrds01,platform,web,prod,OnDemand,24,Hrs,28.9882,USD,,
2026-07-14,111122223333,Amazon Simple Storage Service,us-east-1,s3-0awsassetsbucket,platform,web,prod,OnDemand,100,GB-Mo,5.7572,USD,,
2026-07-14,111122223333,Amazon Virtual Private Cloud,us-east-1,nat-0awsgateway01,,,,OnDemand,24,Hrs,2.926,USD,,
2026-07-15,111122223333,Amazon Elastic Compute Cloud,us-east-1,i-0aws0000000web01,platform,web,prod,OnDemand,24,Hrs,3.4342,USD,2.0,
2026-07-15,111122223333,Amazon Elastic Compute Cloud,us-east-1,i-0aws0000000web02,platform,web,prod,OnDemand,24,Hrs,19.6383,USD,55.2,
2026-07-15,111122223333,Amazon Elastic Compute Cloud,us-west-2,i-0aws0000000batch3,data,etl,prod,OnDemand,24,Hrs,29.5995,USD,17.7,
2026-07-15,111122223333,Amazon Elastic Compute Cloud,us-east-1,i-0aws0000000api04,platform,api,prod,Reserved,24,Hrs,14.7559,USD,64.0,
2026-07-15,111122223333,Amazon Elastic Compute Cloud,eu-west-1,i-0aws0000000legacy5,,,,OnDemand,24,Hrs,3.0489,USD,1.4,
2026-07-15,111122223333,Amazon Elastic Block Store,us-east-1,vol-0awsorphan01,platform,web,prod,OnDemand,100,GB-Mo,4.0624,USD,,False
2026-07-15,111122223333,Amazon Elastic Block Store,us-east-1,vol-0awsactive02,platform,web,prod,OnDemand,100,GB-Mo,5.2881,USD,,True
2026-07-15,111122223333,Amazon Relational Database Service,us-east-1,db-0awsprodrds01,platform,web,prod,OnDemand,24,Hrs,30.6267,USD,,
2026-07-15,111122223333,Amazon Simple Storage Service,us-east-1,s3-0awsassetsbucket,platform,web,prod,OnDemand,100,GB-Mo,6.0069,USD,,
2026-07-15,111122223333,Amazon Virtual Private Cloud,us-east-1,nat-0awsgateway01,,,,OnDemand,24,Hrs,3.16,USD,,
2026-07-16,111122223333,Amazon Elastic Compute Cloud,us-east-1,i-0aws0000000web01,platform,web,prod,OnDemand,24,Hrs,3.4596,USD,2.3,
2026-07-16,111122223333,Amazon Elastic Compute Cloud,us-east-1,i-0aws0000000web02,platform,web,prod,OnDemand,24,Hrs,19.5034,USD,57.3,
2026-07-16,111122223333,Amazon Elastic Compute Cloud,us-west-2,i-0aws0000000batch3,data,etl,prod,OnDemand,24,Hrs,27.2344,USD,18.0,
2026-07-16,111122223333,Amazon Elastic Compute Cloud,us-east-1,i-0aws0000000api04,platform,api,prod,Reserved,24,Hrs,13.3263,USD,62.7,
2026-07-16,111122223333,Amazon Elastic Compute Cloud,eu-west-1,i-0aws0000000legacy5,,,,OnDemand,24,Hrs,2.847,USD,1.1,
2026-07-16,111122223333,Amazon Elastic Block Store,us-east-1,vol-0awsorphan01,platform,web,prod,OnDemand,100,GB-Mo,4.0675,USD,,False
2026-07-16,111122223333,Amazon Elastic Block Store,us-east-1,vol-0awsactive02,platform,web,prod,OnDemand,100,GB-Mo,5.075,USD,,True
2026-07-16,111122223333,Amazon Relational Database Service,us-east-1,db-0awsprodrds01,platform,web,prod,OnDemand,24,Hrs,27.4515,USD,,
2026-07-16,111122223333,Amazon Simple Storage Service,us-east-1,s3-0awsassetsbucket,platform,web,prod,OnDemand,100,GB-Mo,5.9336,USD,,
2026-07-16,111122223333,Amazon Virtual Private Cloud,us-east-1,nat-0awsgateway01,,,,OnDemand,24,Hrs,3.2027,USD,,
2026-07-17,111122223333,Amazon Elastic Compute Cloud,us-east-1,i-0aws0000000web01,platform,web,prod,OnDemand,24,Hrs,3.5104,USD,2.1,
2026-07-17,111122223333,Amazon Elastic Compute Cloud,us-east-1,i-0aws0000000web02,platform,web,prod,OnDemand,24,Hrs,18.7457,USD,73.8,
2026-07-17,111122223333,Amazon Elastic Compute Cloud,us-west-2,i-0aws0000000batch3,data,etl,prod,OnDemand,24,Hrs,30.0337,USD,17.8,
2026-07-17,111122223333,Amazon Elastic Compute Cloud,us-east-1,i-0aws0000000api04,platform,api,prod,Reserved,24,Hrs,14.4636,USD,82.1,
2026-07-17,111122223333,Amazon Elastic Compute Cloud,eu-west-1,i-0aws0000000legacy5,,,,OnDemand,24,Hrs,3.0347,USD,1.4,
2026-07-17,111122223333,Amazon Elastic Block Store,us-east-1,vol-0awsorphan01,platform,web,prod,OnDemand,100,GB-Mo,4.1968,USD,,False
2026-07-17,111122223333,Amazon Elastic Block Store,us-east-1,vol-0awsactive02,platform,web,prod,OnDemand,100,GB-Mo,5.3267,USD,,True
2026-07-17,111122223333,Amazon Relational Database Service,us-east-1,db-0awsprodrds01,platform,web,prod,OnDemand,24,Hrs,29.8842,USD,,
2026-07-17,111122223333,Amazon Simple Storage Service,us-east-1,s3-0awsassetsbucket,platform,web,prod,OnDemand,100,GB-Mo,5.7748,USD,,
2026-07-17,111122223333,Amazon Virtual Private Cloud,us-east-1,nat-0awsgateway01,,,,OnDemand,24,Hrs,2.9343,USD,,
2026-07-18,111122223333,Amazon Elastic Compute Cloud,us-east-1,i-0aws0000000web01,platform,web,prod,OnDemand,24,Hrs,3.2953,USD,2.3,
2026-07-18,111122223333,Amazon Elastic Compute Cloud,us-east-1,i-0aws0000000web02,platform,web,prod,OnDemand,24,Hrs,18.4015,USD,59.1,
2026-07-18,111122223333,Amazon Elastic Compute Cloud,us-west-2,i-0aws0000000batch3,data,etl,prod,OnDemand,24,Hrs,27.1332,USD,18.2,
2026-07-18,111122223333,Amazon Elastic Compute Cloud,us-east-1,i-0aws0000000api04,platform,api,prod,Reserved,24,Hrs,14.5506,USD,82.3,
2026-07-18,111122223333,Amazon Elastic Compute Cloud,eu-west-1,i-0aws0000000legacy5,,,,OnDemand,24,Hrs,3.0885,USD,1.4,
2026-07-18,111122223333,Amazon Elastic Block Store,us-east-1,vol-0awsorphan01,platform,web,prod,OnDemand,100,GB-Mo,3.8248,USD,,False
2026-07-18,111122223333,Amazon Elastic Block Store,us-east-1,vol-0awsactive02,platform,web,prod,OnDemand,100,GB-Mo,4.6319,USD,,True
2026-07-18,111122223333,Amazon Relational Database Service,us-east-1,db-0awsprodrds01,platform,web,prod,OnDemand,24,Hrs,28.0911,USD,,
2026-07-18,111122223333,Amazon Simple Storage Service,us-east-1,s3-0awsassetsbucket,platform,web,prod,OnDemand,100,GB-Mo,6.0237,USD,,
2026-07-18,111122223333,Amazon Virtual Private Cloud,us-east-1,nat-0awsgateway01,,,,OnDemand,24,Hrs,2.9762,USD,,
